{
  "correlations": {
    "delta": 0.3965669292859615,
    "theta": 0.22778513791275273,
    "lowAlpha": 0.24652851100394332,
    "highAlpha": 0.3707623190329319,
    "lowBeta": 0.465262037106347,
    "highBeta": 0.5501123565442734,
    "lowGamma": 0.5611389492468333,
    "highGamma": 0.17071735493172163
  },
  "scale_factors": {
    "delta": 163.70482454275265,
    "theta": 413.2512952304044,
    "lowAlpha": 276.04072698465114,
    "highAlpha": 262.02534956702783,
    "lowBeta": 394.88880552010187,
    "highBeta": 954.1573229401945,
    "lowGamma": 785.4239530125532,
    "highGamma": 827.0449859696791
  },
  "average_correlation": 0.37360919938309556,
  "sample_count": 27
}